Sr.No,Name,Address,Mobile No.,Project,Email ID
1,Sakthivel Nageshwaran,Hosur,9894878720,Artificial Intelligence,sakthivelnageshwaran@gmail.com
2,Gowtham K,Chennai,8987874562,Information Technology,gowtham@gmail.com
3,Manoj M,Salem,8984547651,Machine Learning,manoj@gmail.com
4,Mahesh,Trichy,8453462376,Artificial Intelligence,mahesh@gmail.com
5,Sathish,Tirunelveli,2345678919,Deep Learning,castro@gmail.com
6,Sadari,Covai,3456234567,Data Mining,mithun@gmail.com
7,Prem,Bangalore,0,Mobile Computing,Prem@gmail.com
8,Sabari,Chennai,6767676767,,
9,Sam,Hosur,,,sam@gmail.com
